HGNC,diseases
GHR,"'Hypercholesterolemia, familial','Growth hormone deficiency, isolated partial','Laron syndrome','Growth hormone insensitivity, partial'"
GHRH,
SHC1,
POU1F1,"'Pituitary hormone deficiency, combined'"
PROP1,"'Pituitary hormone deficiency, combined'"
TP53,"'Li-fraumeni syndrome','Hepatocellular carcinoma','Papilloma of choroid plexus','Basal cell carcinoma, susceptibility to, 7','Osteogenic sarcoma','Breast cancer','Pancreatic cancer','Adrenocortical carcinoma, hereditary','Glioma','Nasopharyngeal carcinoma','Lymphoma, non-hodgkin, familial','Colorectal cancer'"
TERC,"'Pulmonary fibrosis and/or bone marrow failure, telomere-related','Dyskeratosis congenita','Pulmonary fibrosis, idiopathic'"
TERT,"'Melanoma, cutaneous malignant','Leukemia, acute myeloid','Pulmonary fibrosis, idiopathic','Dyskeratosis congenita','Pulmonary fibrosis and/or bone marrow failure, telomere-related'"
ATM,"'Ataxia-telangiectasia','Breast cancer'"
PLAU,"'Hirschsprung disease','Alzheimer disease','Bleeding disorder, platelet-type'"
ERCC2,"'Trichothiodystrophy','Xeroderma pigmentosum, complementation group d','Cerebrooculofacioskeletal syndrome'"
ERCC8,"'Cockayne syndrome a','Uv-sensitive syndrome'"
WRN,'Werner syndrome'
LMNA,"'Dilated cardiomyopathy','Charcot-marie-tooth disease','Muscular dystrophy, limb-girdle, autosomal dominant','Cardiomyopathy, dilated, with hypergonadotropic hypogonadism','Mandibuloacral dysplasia with lipodystrophy','Heart-hand syndrome, slovenian type','Ventricular tachycardia, catecholaminergic polymorphic','Progeria','Muscular dystrophy, congenital, lmna-related','Restrictive dermopathy, lethal','Lipodystrophy, familial partial','Emery-dreifuss muscular dystrophy'"
IGF1R,"'Insulin-like growth factor i, resistance to'"
TXN,
KL,"'Tumoral calcinosis, hyperphosphatemic, familial'"
E2F1,
PTPN11,"'Leopard syndrome','Metachondromatosis','Noonan syndrome','Juvenile myelomonocytic leukemia'"
NFKB2,"'Immunodeficiency, common variable'"
STAT5B,'Growth hormone insensitivity with immunodeficiency'
STAT3,"'Hyper-ige recurrent infection syndrome, autosomal dominant','Autoimmune disease, multisystem, infantile-onset'"
STAT5A,
NRG1,'Schizophrenia 6'
HDAC3,
GH1,"'Kowarski syndrome','Isolated growth hormone deficiency, type ii','Isolated growth hormone deficiency, type ia','Isolated growth hormone deficiency, type ib'"
IL7R,"'Severe combined immunodeficiency, autosomal recessive, t cell-negative, b cell-positive, nk cell-positive'"
IGF1,'Insulin-like growth factor i deficiency'
IGF2,"'Growth restriction, severe, with distinctive facies'"
INS,"'Diabetes mellitus, permanent neonatal','Diabetes mellitus, insulin-dependent, 2','Maturity-onset diabetes of the young, type 10','Hyperproinsulinemia'"
NGF,'Hereditary sensory and autonomic neuropathy'
IRS1,"'Diabetes mellitus, noninsulin-dependent'"
PTPN1,"'Diabetes mellitus, noninsulin-dependent'"
IRS2,"'Diabetes mellitus, noninsulin-dependent'"
AKT1,"'Schizophrenia','Breast cancer','Proteus syndrome','Cowden disease','Colorectal cancer','Ovarian cancer'"
PIK3CB,
NGFR,
HRAS,"'Costello syndrome','Bladder cancer','Schimmelpenning-feuerstein-mims syndrome','Supravalvular aortic stenosis','Nevus, epidermal','Melanocytic nevus syndrome, congenital'"
MYC,'Burkitt lymphoma'
EGFR,"'Squamous cell carcinoma, head and neck','Lung cancer','Neonatal inflammatory skin and bowel disease'"
ERBB2,"'Gastric cancer','Glioma','Lung cancer'"
INSR,"'Donohue syndrome','Pineal hyperplasia, insulin-resistant diabetes mellitus, and somatic abnormalities','Diabetes mellitus, noninsulin-dependent','Diabetes mellitus, insulin-resistant, with acanthosis nigricans','Hyperinsulinemia hypoglycemia'"
NBN,"'Breast cancer','Nijmegen breakage syndrome','Aplastic anemia','Leukemia, acute lymphoblastic'"
JUND,
IL2,
PDGFB,"'Meningioma, familial, susceptibility to','Dermatofibrosarcoma protuberans','Basal ganglia calcification, idiopathic'"
FOS,
PDGFRB,"'Infantile myofibromatosis','Basal ganglia calcification, idiopathic','Myeloproliferative disorder, chronic, with eosinophilia','Premature aging syndrome, penttinen type','Kosaki overgrowth syndrome'"
EPOR,"'Erythroleukemia, familial','Erythrocytosis, familial'"
SST,
PRKCD,"'Autoimmune lymphoproliferative syndrome, type iii'"
PPARA,
RET,"'Hirschsprung disease','Pheochromocytoma','Central hypoventilation syndrome, congenital','Multiple endocrine neoplasia','Renal hypodysplasia/aplasia 1','Thyroid carcinoma, familial medullary'"
PLCG2,"'Autoinflammation, antibody deficiency, and immune dysregulation, plcg2-associated','Familial cold autoinflammatory syndrome'"
PEX5,"'Peroxisome biogenesis disorder','Rhizomelic chondrodysplasia punctata'"
TCF3,"'Leukemia, acute lymphoblastic'"
PARP1,
BRCA1,"'Pancreatic cancer, susceptibility to, 4','Fanconi anemia','Breast cancer','Breast-ovarian cancer, familial, susceptibility to','Ovarian cancer'"
PIN1,
PTEN,"'Squamous cell carcinoma, head and neck','Vacterl association with hydrocephalus','Macrocephaly/autism syndrome','Prostate cancer','Bannayan-riley-ruvalcaba syndrome','Meningioma, familial, susceptibility to','Glioma','Cowden disease','Melanoma, cutaneous malignant','Endometrial cancer'"
CREBBP,"'Hirschsprung disease','Rubinstein-taybi syndrome'"
HIF1A,
RPA1,
BLM,'Bloom syndrome'
BCL2,
S100B,
VCP,"'Charcot-marie-tooth disease','Inclusion body myopathy/paget disease/frontotemporal dementia','Amyotrophic lateral sclerosis'"
POLG,"'Mitochondrial dna depletion syndrome','Progressive external ophthalmoplegia with mtdna deletions','Leigh syndrome','Sensory ataxic neuropathy, dysarthria, and ophthalmoparesis'"
IGFBP3,
HSP90AA1,
NR3C1,"'Glucocorticoid resistance, generalized'"
EGR1,
VEGFA,'Microvascular complications of diabetes'
BRCA2,"'Breast-ovarian cancer, familial, susceptibility to','Prostate cancer','Pancreatic cancer, susceptibility to, 2','Fanconi anemia','Breast cancer','Wilms tumor','Glioma','Medulloblastoma'"
TOP2B,
NFKB1,"'Immunodeficiency, common variable'"
TOP1,
RAD51,"'Breast cancer','Mirror movements'"
TNF,"'Malaria, susceptibility to','Migraine with or without aura, susceptibility to, 1','Asthma, susceptibility to'"
CEBPA,"'Leukemia, acute myeloid'"
CEBPB,
MXI1,'Prostate cancer'
TGFB1,"'Cystic fibrosis','Camurati-engelmann disease'"
ERCC6,"'Lung cancer','Macular degeneration, age-related','Uv-sensitive syndrome','Cockayne syndrome b','Cerebrooculofacioskeletal syndrome','De sanctis-cacchione syndrome'"
EP300,"'Colorectal cancer','Rubinstein-taybi syndrome'"
PML,
GSK3B,
HTT,'Huntington disease'
PRKCA,
SSTR3,
HELLS,'Immunodeficiency-centromeric instability-facial anomalies'
APOC3,'Lissencephaly'
EEF2,'Spinocerebellar ataxia'
ERCC3,"'Xeroderma pigmentosum, complementation group b','Trichothiodystrophy'"
TERF1,
PRKDC,'Immunodeficiency 26 with or without neurologic abnormalities'
CAT,'Acatalasemia'
ERCC5,"'Xeroderma pigmentosum, complementation group g','Cerebrooculofacioskeletal syndrome'"
AR,"'Androgen insensitivity syndrome','Hypospadias','Androgen insensitivity, partial','Spinal and bulbar muscular atrophy, x-linked 1','Prostate cancer'"
XRCC5,
PCNA,'Ataxia-telangiectasia-like disorder'
FEN1,
FAS,'Autoimmune lymphoproliferative syndrome'
TERF2,
XRCC6,
POLD1,"'Colorectal cancer, susceptibility to, 10','Mandibular hypoplasia, deafness, progeroid features, and lipodystrophy syndrome'"
BAX,"'Colorectal cancer','Leukemia, acute lymphoblastic'"
RB1,"'Osteogenic sarcoma','Small cell cancer of the lung','Bladder cancer','Retinoblastoma'"
FOXO3,
FOXO1,'Rhabdomyosarcoma 2'
HSF1,
XPA,"'Xeroderma pigmentosum, complementation group a'"
MSRA,
RECQL4,"'Rothmund-thomson syndrome','Rapadilino syndrome','Baller-gerold syndrome'"
SOD2,'Microvascular complications of diabetes'
SOD1,'Amyotrophic lateral sclerosis'
FOXM1,
COQ7,"'Coenzyme q10 deficiency, primary'"
CACNA1A,"'Episodic ataxia','Spinocerebellar ataxia','Migraine, familial hemiplegic, 1'"
LRP2,'Donnai-barrow syndrome'
AIFM1,"'Combined oxidative phosphorylation deficiency','Charcot-marie-tooth disease','Auditory neuropathy','Deafness, x-linked'"
UCHL1,"'Parkinson disease','Neurodegeneration with optic atrophy, childhood-onset'"
APP,"'Alzheimer disease','Cerebral amyloid angiopathy, app-related'"
APOE,"'Macular degeneration, age-related','Sea-blue histiocyte disease','Major depressive disorder','Alzheimer disease 2','Lipoprotein glomerulopathy'"
A2M,"'Alzheimer disease','Alpha-2-macroglobulin deficiency'"
SNCG,
PRDX1,
PON1,'Microvascular complications of diabetes'
RELA,
IL6,"'Kaposi sarcoma, susceptibility to','Rheumatoid arthritis, systemic juvenile','Diabetes mellitus, noninsulin-dependent','Arteriovenous malformations of the brain','Inflammatory bowel disease'"
RGN,
ATP5PO,
RAD52,
TOP3B,
ERCC1,'Cerebrooculofacioskeletal syndrome'
SIRT1,
HDAC1,
HSPA9,"'Anemia, sideroblastic','Even-plus syndrome'"
GPX1,'Glutathione peroxidase deficiency'
GSR,
GSS,"'Glutathione synthetase deficiency','Glutathione synthetase deficiency of erythrocytes, hemolytic anemia due to'"
GSTA4,
GSTP1,
MT-CO1,"'Deafness, nonsyndromic sensorineural, mitochondrial','Mitochondrial complex iv deficiency','Colorectal cancer','Myoglobinuria, recurrent'"
HSPD1,"'Leukodystrophy, hypomyelinating','Spastic paraplegia'"
HSPA1A,
HSPA1B,
PCMT1,
MAPK8,
YWHAZ,
PTK2,
IL7,
MAPK14,
FGFR1,"'Hartsfield syndrome','Pfeiffer syndrome','Osteoglophonic dysplasia','Trigonocephaly, isolated','Jackson-weiss syndrome','Hypogonadotropic hypogonadism with or without anosmia','Encephalocraniocutaneous lipomatosis'"
SP1,
FLT1,
JUN,
MAPK9,
MAPK3,
HMGB1,
HMGB2,
MAP3K5,
LMNB1,"'Leukodystrophy, demyelinating, adult-onset, autosomal dominant'"
SDHC,"'Paraganglioma and gastric stromal sarcoma','Gastrointestinal stromal tumor','Carney triad','Paragangliomas'"
FOXO4,
PIK3R1,"'Agammaglobulinemia','Short syndrome','Immunodeficiency 36'"
BSCL2,"'Neuronopathy, distal hereditary motor, type va','Spastic paraplegia','Encephalopathy, progressive, with or without lipodystrophy','Lipodystrophy, congenital generalized'"
BMI1,
EEF1A1,
TFAP2A,'Branchiooculofacial syndrome'
BDNF,"'Obsessive-compulsive disorder','Bulimia nervosa, susceptibility to, 2','Bulimia nervosa, susceptibility to, 1','Central hypoventilation syndrome, congenital'"
CREB1,"'Histiocytoma, angiomatoid fibrous'"
ATF2,
TBP,"'Parkinson disease','Spinocerebellar ataxia'"
APEX1,
HBP1,
BUB1B,"'Premature chromatid separation trait','Mosaic variegated aneuploidy syndrome','Colorectal cancer'"
PTGS2,
HSPA8,
SIN3A,
TFDP1,
DDIT3,'Myxoid liposarcoma'
POLA1,"'Pigmentary disorder, reticulate, with systemic manifestations','N syndrome'"
MAPT,"'Parkinson disease','Frontotemporal dementia','Pick disease of brain','Supranuclear palsy, progressive, 1','Parkinson-dementia syndrome'"
CTGF,
HDAC2,
MAX,'Pheochromocytoma'
MXD1,
MDM2,"'Accelerated tumor formation, susceptibility to'"
SUMO1,'Orofacial cleft'
HOXB7,
HOXC4,
JAK2,"'Leukemia, acute myeloid','Myelofibrosis','Thrombocythemia','Polycythemia vera','Erythrocytosis, familial'"
ESR1,"'Estrogen resistance','Myocardial infarction, susceptibility to','Breast cancer','Migraine with or without aura, susceptibility to, 1'"
LEP,'Leptin deficiency or dysfunction'
LEPR,'Leptin receptor deficiency'
NFKBIA,"'Ectodermal dysplasia, anhidrotic, with t-cell immunodeficiency, autosomal dominant'"
CLU,
MTOR,'Smith-kingsmore syndrome'
GHRHR,"'Isolated growth hormone deficiency, type ib'"
CTNNB1,"'Hepatocellular carcinoma','Pilomatrixoma','Mental retardation, autosomal dominant','Medulloblastoma','Colorectal cancer','Ovarian cancer'"
PSEN1,"'Dilated cardiomyopathy','Alzheimer disease','Acne inversa','Alzheimer disease 4','Pick disease of brain','Frontotemporal dementia','Alzheimer disease 3'"
CDKN2A,"'Melanoma, cutaneous malignant','Li-fraumeni syndrome','Melanoma-astrocytoma syndrome','Melanoma-pancreatic cancer syndrome'"
PPP1CA,
DBN1,
NOG,"'Brachydactyly, type b2','Tarsal-carpal coalition syndrome','Stapes ankylosis with broad thumb and toes','Multiple synostoses syndrome','Proximal symphalangism'"
ELN,"'Cutis laxa, autosomal dominant 1','Supravalvular aortic stenosis'"
ATR,"'Cutaneous telangiectasia and cancer syndrome, familial','Seckel syndrome'"
UCP3,'Obesity'
ZMPSTE24,"'Restrictive dermopathy, lethal','Mandibuloacral dysplasia with lipodystrophy'"
TP63,"'Limb-mammary syndrome','Ankyloblepharon-ectodermal defects-cleft lip/palate','Orofacial cleft','Adult syndrome','Ectrodactyly, ectodermal dysplasia, and cleft lip/palate syndrome 3','Split-hand/foot malformation'"
UCP2,'Body mass index quantitative trait locus 4'
POLB,
GCLC,"'Myocardial infarction, susceptibility to','Gamma-glutamylcysteine synthetase deficiency, hemolytic anemia due to'"
GCLM,"'Myocardial infarction, susceptibility to'"
SIRT6,
BUB3,
RAE1,
PMCH,
MLH1,"'Muir-torre syndrome','Mismatch repair cancer syndrome','Colorectal cancer, hereditary nonpolyposis'"
CSNK1E,
STUB1,"'Spinocerebellar ataxia, autosomal recessive 16'"
PPM1D,'Breast cancer'
PCK1,"'Phosphoenolpyruvate carboxykinase deficiency, cytosolic'"
ARHGAP1,
CDC42,'Takenouchi-kosaki syndrome'
ARNTL,
CLOCK,
HIC1,
PAPPA,
ADCY5,"'Dyskinesia, familial, with facial myokymia'"
PPARGC1A,
GPX4,"'Spondylometaphyseal dysplasia, sedaghatian type'"
UCP1,'Obesity'
FGF23,"'Hypophosphatemic rickets','Tumoral calcinosis, hyperphosphatemic, familial'"
EFEMP1,'Doyne honeycomb retinal dystrophy'
ERCC4,"'Xeroderma pigmentosum, complementation group f','Fanconi anemia','Xfe progeroid syndrome'"
CETP,'Hyperalphalipoproteinemia 1'
PPARG,"'Glioma','Diabetes mellitus, noninsulin-dependent','Lipodystrophy, familial partial','Obesity','Carotid intimal medial thickness 1'"
AGTR1,"'Hypertension, essential','Renal tubular dysgenesis'"
CISD2,'Wolfram syndrome 2'
EEF1E1,
EPS8,"'Deafness, autosomal recessive'"
KCNA3,
SIRT7,
SLC13A1,
SOCS2,
TPP2,
TP53BP1,
SIRT3,
NCOR2,
SUN1,
BAK1,
IGFBP2,
PYCR1,"'Cutis laxa, autosomal recessive, type iiib','Cutis laxa, autosomal recessive, type iib'"
TP73,
CNR1,
NFE2L2,
CDKN1A,
PDGFRA,"'Cleft palate, isolated','Gastrointestinal stromal tumor','Hypereosinophilic syndrome, idiopathic'"
PIK3CA,"'Hepatocellular carcinoma','Lung cancer','Megalencephaly-capillary malformation-polymicrogyria syndrome','Breast cancer','Nevus, epidermal','Cowden disease','Keratosis, seborrheic','Gastric cancer','Colorectal cancer','Ovarian cancer','Congenital lipomatous overgrowth, vascular malformations, and epidermal nevi'"
C1QA,'C1q deficiency'
CDKN2B,
EIF5A2,
MIF,"'Rheumatoid arthritis, systemic juvenile'"
DGAT1,"'Diarrhea, congenital'"
MT1E,
FGF21,
HTRA2,'Parkinson disease'
GSK3A,
NUDT1,
IKBKB,'Immunodeficiency 15'
SQSTM1,"'Amyotrophic lateral sclerosis','Paget disease of bone'"
CDK7,
GRN,"'Ceroid lipofuscinoses','Frontotemporal lobar degeneration with tdp43 inclusions, grn-related','Frontotemporal dementia'"
SERPINE1,'Plasminogen activator inhibitor-1 deficiency'
SPRTN,'Ruijs-aalfs syndrome'
RICTOR,
CTF1,
TRAP1,
TRPV1,
NFE2L1,
GDF11,
ACE2,
NAMPT,
ALB,"'Analbuminemia','Ehlers-danlos syndrome, type vii, autosomal dominant','Hyperthyroxinemia, familial dysalbuminemic'"
PLAGL1,"'Diabetes mellitus, transient neonatal, 1'"
GADD45A,
DDIT4,
PERP,
DUSP10,
MT-RNR1,"'Deafness, nonsyndromic sensorineural, mitochondrial'"
IFNAR1,
HPGD,"'Digital clubbing, isolated congenital','Hypertropic osteoarthropathy, primary'"
CASP1,
IFNG,"'Mycobacterium tuberculosis, susceptibility to','Tuberous sclerosis','Human immunodeficiency virus type 1, susceptibility to','Aplastic anemia','Hepatitis c virus, susceptibility to'"
BCL2L1,
IL15,
IL15RA,
TGFBR1,"'Multiple self-healing squamous epithelioma, susceptibility to','Loeys-dietz syndrome','Aortic aneurysm, familial thoracic'"
COL2A1,"'Spondyloepimetaphyseal dysplasia, strudwick type','Spondyloepiphyseal dysplasia congenita','Otospondylomegaepiphyseal dysplasia','Legg-calve-perthes disease','Avascular necrosis of femoral head, primary','Osteoarthritis with mild chondrodysplasia','Kniest dysplasia','Epiphyseal dysplasia, multiple, with myopia and conductive deafness','Czech dysplasia','Stickler syndrome','Achondrogenesis','Platyspondylic lethal skeletal dysplasia, torrance type','Spondyloperipheral dysplasia','Spondyloepiphyseal dysplasia, stanescu type'"
ADIPOQ,"'Adiponectin, serum level of, quantitative trait locus 1'"
NLRP3,"'Muckle-wells syndrome','Familial cold autoinflammatory syndrome','Cinca syndrome'"
B3GAT1,
TJP2,"'Hypercholanemia, familial','Cholestasis, progressive familial intrahepatic, 4'"
RALB,
ME3,
CPNE1,
SCN3A,
RGS20,
C1QB,'C1q deficiency'
BEX3,
CAPG,
NIPSNAP1,
ZFAND2A,
ELMO1,
DLK2,
BCL6,
ZC3HAV1,
ABI2,
ADAMTS20,
TUBB6,
LAIR1,
ZFYVE9,
SLC16A14,
U2AF1,
CETN3,
GRSF1,
MXRA8,
ANK2,"'Ventricular tachycardia, catecholaminergic polymorphic','Long qt syndrome','Cardiac arrhythmia'"
ENTPD3,
CYC1,"'Mitochondrial complex iii deficiency, nuclear type 6'"
LGI4,
GPCPD1,
OPN3,
PPM1H,
BECN1,
MAPRE2,"'Skin creases, congenital symmetric circumferential'"
MRPS25,
BAD,
SNAI2,"'Piebald trait','Waardenburg syndrome'"
SLC2A13,
SRSF5,
HSD17B7,
COL1A1,"'Caffey disease','Osteoporosis','Ehlers-danlos syndrome, type vii, autosomal dominant','Ehlers-danlos syndrome, classic type','Osteogenesis imperfecta'"
COL1A2,"'Ehlers-danlos syndrome, autosomal recessive, cardiac valvular form','Osteoporosis','Ehlers-danlos syndrome, type vii, autosomal dominant','Osteogenesis imperfecta'"
COL3A1,"'Ehlers-danlos syndrome, hypermobility type','Ehlers-danlos syndrome, type iv, autosomal dominant','Marfan syndrome'"
COL4A1,"'Brain small vessel disease with or without ocular anomalies','Porencephaly','Hemorrhage, intracerebral, susceptibility to','Angiopathy, hereditary, with nephropathy, aneurysms, and muscle cramps','Retinal arteries, tortuosity of','Schizencephaly'"
COL4A2,"'Hemorrhage, intracerebral, susceptibility to','Porencephaly'"
COL4A3,"'Hematuria, benign familial','Alport syndrome, autosomal recessive','Alport syndrome, autosomal dominant'"
COL4A4,"'Hematuria, benign familial','Alport syndrome, autosomal recessive'"
COL4A5,"'Alport syndrome, x-linked'"
COL4A6,"'Deafness, x-linked'"
PDHB,'Pyruvate dehydrogenase complex deficiency'
DGKZ,
FJX1,
UROS,"'Porphyria, congenital erythropoietic'"
CHSY1,'Temtamy preaxial brachydactyly syndrome'
MZF1,
RGL1,
NIPBL,'Cornelia de lange syndrome'
EGFL6,
SNAI1,
SMOC1,'Microphthalmia with limb anomalies'
CSNK2A1,
CXCL8,
MTHFR,"'Schizophrenia','Neural tube defects, folate-sensitive','Gastrointestinal stromal tumor','Homocystinuria due to deficiency of n(5,10)-methylenetetrahydrofolate reductase activity','Thrombophilia'"
MTHFD1,"'Neural tube defects, folate-sensitive'"
MTRR,"'Homocystinuria-megaloblastic anemia, cble complementation type','Gastrointestinal stromal tumor','Neural tube defects, folate-sensitive'"
MTR,"'Homocystinuria-megaloblastic anemia, cblg complementation type','Gastrointestinal stromal tumor','Neural tube defects, folate-sensitive'"
FOLR1,"'Neurodegeneration due to cerebral folate transport deficiency','Gastrointestinal stromal tumor'"
FOLR2,
FOLH1,
FOLH1B,
SLC19A1,'Gastrointestinal stromal tumor'
HBA1,"'Hemoglobin h disease','Alpha-thalassemia','Heinz body anemias'"
HBA2,"'Hemoglobin h disease','Alpha-thalassemia','Heinz body anemias'"
HBB,"'Beta-thalassemia, dominant inclusion body type','Sickle cell anemia','Fetal hemoglobin quantitative trait locus 1','Malaria, susceptibility to','Beta-thalassemia','Heinz body anemias'"
AHSP,
SUB1,
PCSK9,"'Hypercholesterolemia, familial','Hypercholesterolemia, autosomal dominant, 3'"
WNT4,"'Mullerian aplasia and hyperandrogenism','46,xx sex reversal with dysgenesis of kidneys, adrenals, and lungs'"
CRP,
CYBB,"'Immunodeficiency 34','Granulomatous disease, chronic'"
CYB5R3,'Methemoglobinemia due to deficiency of methemoglobin reductase'
CYGB,'Retinitis pigmentosa'
NOS3,"'Alzheimer disease','Hypertension, essential','Stroke, ischemic','Preeclampsia/eclampsia'"
NGB,
DHFR,'Megaloblastic anemia due to dihydrofolate reductase deficiency'
TYMS,
CSF2,
TGM2,
LOX,
FBN1,"'Hirschsprung disease','Acromicric dysplasia','Geleophysic dysplasia','Weill-marchesani syndrome','Marfan syndrome','Stiff skin syndrome','Mass syndrome','Marfan lipodystrophy syndrome','Ectopia lentis 1, isolated, autosomal dominant'"
FBN2,"'Macular degeneration, early-onset','Arthrogryposis, distal, type 9','Marfan syndrome'"
FBLN1,'Synpolydactyly 2'
EFEMP2,"'Cutis laxa, autosomal recessive, type ia','Cutis laxa, autosomal recessive, type ib'"
FBLN5,"'Cutis laxa, autosomal dominant 1','Cutis laxa, autosomal recessive, type ia','Macular degeneration, age-related','Cutis laxa, autosomal dominant 2'"
MMP1,"'Pulmonary disease, chronic obstructive','Preterm premature rupture of the membranes','Epidermolysis bullosa dystrophica, autosomal recessive'"
MMP3,"'Coronary heart disease, susceptibility to, 6'"
WNT5B,
WNT2,
WNT5A,'Robinow syndrome'
WNT2B,
WNT11,
WNT7B,
WNT7A,"'Fibular aplasia or hypoplasia, femoral bowing and poly-, syn-, and oligodactyly','Ulna and fibula, absence of, with severe limb deficiency'"
WNT9A,
WNT10A,"'Tooth agenesis, selective','Odontoonychodermal dysplasia','Schopf-schulz-passarge syndrome'"
WNT16,
WNT6,
WNT1,"'Osteoporosis','Osteogenesis imperfecta','Bone mineral density quantitative trait locus 16'"
WNT3,"'Tetraamelia syndrome, autosomal recessive'"
WNT3A,
DVL2,
FZD2,
FZD3,
LEF1,
SFRP1,
FRZB,'Osteoarthritis susceptibility 1'
CCND1,"'Von hippel-lindau syndrome','Myeloma, multiple','Colorectal cancer'"
CCND2,'Megalencephaly-polymicrogyria-polydactyly-hydrocephalus syndrome'
DIXDC1,
PORCN,'Focal dermal hypoplasia'
FZD8,
SFRP2,
APC,"'Hepatocellular carcinoma','Desmoid disease, hereditary','Medulloblastoma','Gastric cancer','Famailial adenomatous polyposis','Colorectal cancer'"
BTRC,
WIF1,
CCN4,
TLE1,
SIRT2,
SPP1,
MMP9,'Metaphyseal anadysplasia 2'
MMP2,"'Multicentric osteolysis, nodulosis, and arthropathy'"
MMP7,
MMP12,
MMP13,"'Metaphyseal dysplasia, spahr type','Spondyloepimetaphyseal dysplasia, missouri type'"
MMP14,'Winchester syndrome'
MMP16,
MMP17,
BIRC5,
MARK1,
MRPL15,
MKKS,"'Mckusick-kaufman syndrome','Bardet-biedl syndrome'"
MICOS13,
TGFBR3,
CYB561,
HCCS,"'Linear skin defects with multiple congenital anomalies','Microphthalmia, syndromic'"
DDX24,
MRPS33,
TIMP1,
VLDLR,"'Cerebellar ataxia, mental retardation, and dysequilibrium'"
ACOT8,
CAMTA1,"'Cerebellar ataxia, nonprogressive, with mental retardation'"
IL33,
INHBB,
COX4I1,
PTPN3,
LPP,"'Leukemia, acute myeloid'"
PPP3R1,
SNED1,
IMMT,
ARPC5L,
CFLAR,
NECAB3,
AUH,'3-methylglutaconic aciduria'
USP54,
ANP32B,
SERTAD2,
ST8SIA5,
ALDH4A1,"'Hyperprolinemia, type ii'"
EPC1,
ZHX2,'Hirschsprung disease'
USE1,
RTCA,
DAZAP1,
PTGR1,
TPD52L2,
GOT2,
PLIN3,
RNF114,
RIN3,
TRIB2,
WDR77,
TSPAN5,
NDUFA9,'Leigh syndrome'
UPF3A,
DYNC1I1,
MRPS12,
RAP2A,
MOCS2,'Molybdenum cofactor deficiency'
BCS1L,"'Mitochondrial complex iii deficiency, nuclear type 1','Bjornstad syndrome','Leigh syndrome','Gracile syndrome'"
CEP350,
AKAP7,
DLAT,'Pyruvate dehydrogenase complex deficiency'
RING1,
LST1,
STK25,
ITPR2,"'Anhidrosis, isolated, with normal sweat glands'"
PANK4,
RBPJ,'Adams-oliver syndrome'
ISCA1,
NDUFS2,'Mitochondrial complex i deficiency'
SNRNP70,
AVL9,
CARHSP1,
UQCRC1,
SF3B2,
FANCG,'Fanconi anemia'
SLC25A11,
NDC1,
NDUFV3,
POLR3K,
IGF2R,'Hepatocellular carcinoma'
PMP22,"'Charcot-marie-tooth disease','Neuropathy, hereditary, with liability to pressure palsies','Roussy-levy hereditary areflexic dystasia','Guillain-barre syndrome, familial'"
NTMT1,
MTMR2,'Charcot-marie-tooth disease'
CMAS,
AKAP13,
YAP1,"'Coloboma, ocular, with or without hearing impairment, cleft lip/palate, and/or mental retardation','Coloboma, ocular, autosomal dominant'"
C3,"'Complement component 3 deficiency, autosomal recessive','Macular degeneration, age-related','Hemolytic uremic syndrome'"
ITGA2,"'Bleeding disorder, platelet-type'"
MYOF,
RPS6KC1,
UQCRB,"'Mitochondrial complex iii deficiency, nuclear type 3'"
RYR1,"'Myopathy, congenital, with fiber-type disproportion','Minicore myopathy with external ophthalmoplegia','Central core disease of muscle','Malignant hyperthermia'"
BAZ2A,
ROGDI,'Kohlschutter-tonz syndrome'
LGALS1,
MOSPD1,
MRPL35,
SUCLA2,'Mitochondrial dna depletion syndrome'
HSPA2,
SPATS2L,
DNM1L,"'Encephalopathy, lethal, due to defective mitochondrial and peroxisomal fission'"
WDR12,
GLRX,
COPS5,
FKBP5,'Major depressive disorder'
CADM2,
DDX11,'Warsaw breakage syndrome'
PANK3,
COX7A2,
SEL1L3,
FAM210A,
TTC4,
STK24,
CYTH1,
RBM39,
STAG2,
AP2B1,
ERBB3,'Lethal congenital contracture syndrome'
NNT,'Glucocorticoid deficiency'
NKTR,
KDM6B,
ATG5,
SOCS3,
LYPLA1,
CXXC1,
GDE1,
AKT3,'Megalencephaly-polymicrogyria-polydactyly-hydrocephalus syndrome'
NUMA1,'Acute promyelocytic leukemia'
CPSF7,
RAP1B,
CCNH,
UXS1,
GNPTG,'Mucolipidosis iii gamma'
PSRC1,
TLN2,
GNPNAT1,
MAP2K4,
ZBTB8OS,
PRKAG1,
SGPP1,
ABCE1,
IQGAP1,
NFATC3,
ADAMTS1,
LTBP1,
VAMP4,
SDC2,
PCNT,"'Microcephalic osteodysplastic primordial dwarfism, type ii'"
SCPEP1,
LAMTOR2,'Immunodeficiency due to defect in mapbp-interacting protein'
AKT1S1,
PRR5L,
RPTOR,
RHOA,
EIF4EBP1,
MMP20,'Amelogenesis imperfecta'
MMP25,
MMP27,
TIMP2,
ACAN,"'Osteochondritis dissecans, short stature, and early-onset osteoarthritis','Spondyloepiphyseal dysplasia, kimberley type','Spondyloepimetaphyseal dysplasia, aggrecan type'"
SMOC2,"'Dentin dysplasia, type i'"
SIRT4,
SIRT5,
AGER,
GLO1,
NRIP1,
TMPRSS2,
VHL,"'Von hippel-lindau syndrome','Renal cell carcinoma, nonpapillary','Pheochromocytoma','Erythrocytosis, familial'"
WNT10B,'Split-hand/foot malformation'
WNT9B,
PAWR,
C9orf85,
JMJD1A,
DDR1,
ALOX12,
PTGER2,"'Asthma, nasal polyps, and aspirin intolerance'"
MGAT5,
NR2F2,"'Congenital heart defects, multiple types, 4'"
WFS1,"'Wolfram-like syndrome, autosomal dominant','Wolfram syndrome 1','Diabetes mellitus, noninsulin-dependent','Cataract','Deafness, autosomal dominant'"
FLJ22555,
DKK3,
LAMA3,"'Epidermolysis bullosa, junctional, non-herlitz type','Laryngoonychocutaneous syndrome','Epidermolysis bullosa, junctional, herlitz type'"
PTPRK,
NOX4,
COA1,
CXCL16,
PDLIM5,
USP10,
CA3,
CYFIP1,
NHLRC1,"'Epilepsy, progressive myoclonic'"
RPL31,
DCHS1,"'Van maldergem syndrome','Mitral valve prolapse, myxomatous'"
EIF3M,
BIK,
ARHGEF18,
MGP,'Keutel syndrome'
FXN,'Friedreich ataxia 1'
NDUFS5,
CRADD,"'Mental retardation, autosomal recessive'"
MAPKAP1,
C10orf35,
MBNL1,
BIRC2,
TIMM17A,
RXRA,
ACOX1,'Peroxisomal acyl-coa oxidase deficiency'
SLCO3A1,
SLC14A1,'Blood group--kidd system'
APPBP1,
IL6ST,
ATPAF1,
EPHX2,"'Hypercholesterolemia, familial'"
FES,
TRIM72,
TARDBP,'Amyotrophic lateral sclerosis'
,
KDR,"'Hirschsprung disease','Hemangioma, capillary infantile'"
POU5F1,
EZH2,'Weaver syndrome'
LAMA2,"'Muscular dystrophy, congenital merosin-deficient, 1a'"
LAMA4,"'Dilated cardiomyopathy','Ventricular tachycardia, catecholaminergic polymorphic'"
LAMA5,
LAMB1,'Lissencephaly'
LAMB2,"'Nephrotic syndrome','Pierson syndrome'"
LAMB3,"'Epidermolysis bullosa, junctional, non-herlitz type','Amelogenesis imperfecta','Epidermolysis bullosa, junctional, herlitz type'"
LAMC2,"'Epidermolysis bullosa, junctional, non-herlitz type','Epidermolysis bullosa, junctional, herlitz type'"
ESR2,
ITGA3,"'Interstitial lung disease, nephrotic syndrome, and epidermolysis bullosa, congenital'"
ITGA4,
ITGA6,'Epidermolysis bullosa junctionalis with pyloric atresia'
ITGAE,
ITGAV,
ITGB1,
ITGB2,"'Leukocyte adhesion deficiency, type i'"
ITGB3,"'Myocardial infarction, susceptibility to','Bleeding disorder, platelet-type'"
HLA-DRB1,"'Multiple sclerosis, susceptibility to','Sarcoidosis, susceptibility to, 1','Rheumatoid arthritis'"
CXCL9,
BPIFB4,
SSTR2,
SSTR5,
SSTR1,
IGFBP5,
SOX2,"'Microphthalmia, syndromic'"
KLF4,
MC4R,"'Schizophrenia','Obesity'"
BHLHE41,'Short sleeper'
FZD7,
HSPB8,"'Charcot-marie-tooth disease','Neuronopathy, distal hereditary motor, type iia'"
TBKBP1,
TIAM1,
SH3BP5,
GPRC5B,
CITED4,
CCDC88C,"'Hydrocephalus, nonsyndromic, autosomal recessive 1','Spinocerebellar ataxia'"
GYPC,"'Blood group, gerbich system','Malaria, susceptibility to'"
SERINC3,
PDE4B,
ARHGAP35,
CADM1,
NFATC2,
CD28,
DYRK2,
MYO10,
ACVR2A,
WNK1,"'Hereditary sensory and autonomic neuropathy','Pseudohypoaldosteronism, type ii'"
MR1,
RCOR3,
C7,'Complement component 7 deficiency'
CPD,
MAP1B,
HDAC9,
DYRK1A,"'Mental retardation, autosomal dominant'"
ME1,
PLCL2,
MTSS1,
HERC3,
MAF,"'Ayme-gripp syndrome','Cataract'"
SEMA6D,
TPPP,
SLC9A2,
CAMK2A,
RBM3,
NF1,"'Watson syndrome','Neurofibromatosis, type i','Neurofibromatosis, familial spinal','Juvenile myelomonocytic leukemia','Neurofibromatosis-noonan syndrome'"
ANXA7,
RBFOX2,
CBFA2T2,
TSC22D1,
RTN4,
PAK1,
RLF,
PRKACB,
MAT2A,
ADAMTS5,
TBL1X,
AKAP9,"'Long qt syndrome','Cardiac arrhythmia'"
FOXN3,
UBR5,
MAGED2,
TOB1,
DICER1,"'Pleuropulmonary blastoma','Goiter, multinodular','Rhabdomyosarcoma, embryonal, 2'"
SORT1,'Low density lipoprotein cholesterol level quantitative trait locus 6'
NR1D1,
FEZ2,
MBOAT1,
CALM3,
CDKN2C,
TRAPPC10,
NCOA2,
PIK3CD,'Immunodeficiency 14'
FBXO21,
ADRB2,"'Asthma, susceptibility to','Obesity'"
RBMS1,
ETS2,
LDLR,"'Hypercholesterolemia, familial'"
LRRFIP1,
YY1,
GPC4,
NEK9,
FBXL4,'Mitochondrial dna depletion syndrome'
USP13,
LRP4,"'Sclerosteosis','Cenani-lenz syndactyly syndrome','Myasthenic syndrome, congenital'"
ZMIZ2,
CERT1,
ADD3,
MGST1,
GNA13,
MAP4,
CACNG1,
ARHGEF5,
TNRC6A,
ZEB2,'Mowat-wilson syndrome'
HNRNPD,
CRY2,
NDEL1,
RARA,'Acute promyelocytic leukemia'
TMEM123,
VWF,"'Von willebrand disease, type 2','Von willebrand disease, type 1','Von willebrand disease, type 3'"
MTUS1,'Hepatocellular carcinoma'
ZBTB18,"'Mental retardation, autosomal dominant'"
RYK,
NFYB,
KIF1B,"'Charcot-marie-tooth disease','Pheochromocytoma','Neuroblastoma, susceptibility to'"
PENK,
NDST1,"'Mental retardation, autosomal recessive'"
ZFTRAF1,
CTNNBIP1,
DLG1,
CRTC3,
SEMA3B,
TSC22D3,
USP46,
PFKFB1,
SDHB,"'Pheochromocytoma','Paraganglioma and gastric stromal sarcoma','Gastrointestinal stromal tumor','Paragangliomas','Cowden disease','Carney triad'"
NME2,
GRAMD2B,
RSL1D1,
OCRL,"'Lowe oculocerebrorenal syndrome','Dent disease'"
PTGES2,
OSBPL3,
CTNNA1,"'Macular dystrophy, patterned'"
AIDA,
GLE1,"'Lethal congenital contracture syndrome','Lethal arthrogryposis with anterior horn cell disease'"
CTH,'Cystathioninuria'
AHCYL2,
IDH1,'Glioma'
CRYAB,"'Dilated cardiomyopathy','Myofibrillar myopathy','Cataract'"
CAST,"'Peeling skin with leukonychia, acral punctate keratoses, cheilitis, and knuckle pads'"
RPS21,
FGFR3,"'Achondroplasia','Hypochondroplasia','Lacrimoauriculodentodigital syndrome','Muenke syndrome','Achondroplasia, severe, with developmental delay and acanthosis nigricans','Bladder cancer','Testicular germ cell tumor','Thanatophoric dysplasia, type i','Thanatophoric dysplasia, type ii','Cervical cancer','Crouzon syndrome with acanthosis nigricans','Keratosis, seborrheic','Nevus, epidermal','Saethre-chotzen syndrome','Camptodactyly, tall stature, and hearing loss syndrome','Colorectal cancer'"
ERGIC3,
ARMCX3,
TMEM9,
LYVE1,
SH3KBP1,
GLUD1,'Hyperinsulinemia hypoglycemia'
NOS1,
SDC4,
MAFF,
MCL1,
FGF2,
CD163,
ABR,
FAM107A,
SLC25A12,"'Hypomyelination, global cerebral'"
TNNT1,'Nemaline myopathy'
ADH1A,
TBC1D1,
ATP2A2,"'Darier-white disease','Acrokeratosis verruciformis'"
ITM2A,
TPM3,"'Nemaline myopathy','Myopathy, congenital, with fiber-type disproportion'"
MBNL2,
ZFP36,
IP6K3,
DDX3X,"'Mental retardation, nonsyndromic, x-linked'"
KLF13,
RPL3,
NR4A3,"'Chondrosarcoma, extraskeletal myxoid'"
GADD45G,
CIRBP,
TMPO,'Dilated cardiomyopathy'
ARL2BP,'Retinitis pigmentosa with or without situs inversus'
NMB,
RASGRP2,"'Bleeding disorder, platelet-type'"
SLC25A28,
TSPYL2,
SIAH1,
ECI2,
CXCL14,
KLF6,"'Gastric cancer','Prostate cancer'"
DNTTIP2,
SFPQ,
TFDP2,
EWSR1,'Ewing sarcoma'
FANCL,'Fanconi anemia'
SLC25A27,
CLASRP,
MADD,
SOX13,
RPL22,
NPC1,"'Niemann-pick disease, type c1'"
SGK1,
HSD11B1,'Cortisone reductase deficiency'
DHX9,
SCAPER,
GGT7,
CLIC4,
CDYL,
ASL,'Argininosuccinic aciduria'
ELAVL1,
CAV1,"'Pulmonary hypertension, primary','Partial lipodystrophy, congenital cataracts, and neurodegeneration syndrome','Lipodystrophy, congenital generalized'"
G3BP2,
ADK,'Hypermethioninemia due to adenosine kinase deficiency'
AZIN1,
TRIO,
PLCE1,'Nephrotic syndrome'
THY1,
PDK1,
SLC43A2,
FN1,"'Plasma fibronectin deficiency','Glomerulopathy with fibronectin deposits'"
ARPP21,
PREPL,
CDC16,
CBX4,
NUDT4,
PRNP,"'Creutzfeldt-jakob disease','Gerstmann-straussler disease','Fatal familial insomnia','Huntington disease-like 1','Spongiform encephalopathy with neuropsychiatric features','Kuru, susceptibility to'"
S100A8,
PGPEP1,
EFS,
PAQR9,
VGLL4,
RALGAPA1,
WDR6,
CHAD,
GNB5,
BEND3,
PRKAR1A,"'Pigmented nodular adrenocortical disease, primary, 1','Carney complex, type 1','Acrodysostosis','Myxoma, intracardiac'"
RBL2,
ZMAT3,
CKMT2,
ST6GAL1,
UBE2H,
LDLRAP1,"'Hypercholesterolemia, autosomal recessive'"
MSN,
RASA4,
CDC42EP3,
CXCL12,"'Human immunodeficiency virus type 1, susceptibility to'"
ACTG1,"'Baraitser-winter syndrome','Deafness, autosomal dominant'"
PDE4A,
AFG1L,
STOM,
S100A9,
PODXL,'Parkinson disease'
RTN4IP1,'Optic atrophy'
FADS1,
APOB,"'Hypercholesterolemia, familial','Hypobetalipoproteinemia, familial, 1','Hypercholesterolemia, autosomal dominant, type b'"
STARD13,
GNG11,
PSMD5,
MPC1,'Mitochondrial pyruvate carrier deficiency'
MAN1C1,
ECM2,
PDHA1,'Pyruvate dehydrogenase complex deficiency'
SYNGR1,
C4B,'Complement component 4b deficiency'
VEGFC,"'Lymphedema, hereditary'"
SERPINF1,'Osteogenesis imperfecta'
AMOTL2,
ECHDC1,
RPS6KA3,"'Coffin-lowry syndrome','Mental retardation, nonsyndromic, x-linked'"
ATOX1,
BACE2,
LY6G5C,
ACOT13,
MGST2,
UBL3,
DAAM1,
EBF1,
HTRA1,"'Cerebral arteriopathy, autosomal dominant, with subcortical infarcts and leukoencephalopathy, type 2','Cerebral arteriopathy, autosomal recessive, with subcortical infarcts and leukoencephalopathy','Macular degeneration, age-related'"
SLC44A2,
CHCHD4,
COX7C,
DAAM2,
ANXA1,
LSS,'Cataract'
MPZL2,
GRHPR,"'Hyperoxaluria, primary'"
RAD50,'Nijmegen breakage syndrome-like disorder'
MRPL30,
NUDT12,
ICAM2,
ANXA5,"'Pregnancy loss, recurrent, susceptibility to, 3'"
LPIN1,"'Myoglobinuria, acute recurrent, autosomal recessive'"
H3-3B,
IL1B,"'Coronary heart disease, susceptibility to, 2','Gastric cancer, hereditary diffuse'"
ABCC4,
CLPX,
PHLDA1,
NAP1L1,
SORD,
TUBB2A,"'Cortical dysplasia, complex, with other brain malformations'"
RAB1A,
GNE,"'Sialuria','Nonaka myopathy'"
RBM15,
CAPN2,
POLD4,
GSN,"'Amyloidosis, finnish type'"
MID1IP1,
SPTSSA,
BPHL,
ICAM1,"'Malaria, susceptibility to'"
SLC25A19,'Thiamine-responsive dysfunction syndrome'
HP,'Anhaptoglobinemia'
EIF4G3,
SNTG2,
ATP5MC3,
ARHGEF9,"'Epileptic encephalopathy, early infantile'"
MIPEP,
CALD1,
TBX3,'Ulnar-mammary syndrome'
PDE9A,
MTFP1,
CD2AP,'Focal segmental glomerulosclerosis'
PGK1,'Phosphoglycerate kinase 1 deficiency'
EIF4A1,
EEF2K,
ELOVL5,'Spinocerebellar ataxia'
CHRNA7,
MRPS5,
ADRA1A,
ADRA1B,
AKT2,"'Diabetes mellitus, noninsulin-dependent','Hypoinsulinemic hypoglycemia with hemihypertrophy'"
CASP2,
CDC14B,
DMD,"'Dilated cardiomyopathy','Muscular dystrophy, becker type','Muscular dystrophy, duchenne type'"
NOTCH3,"'Cerebral arteriopathy, autosomal dominant, with subcortical infarcts and leukoencephalopathy, type 1','Lateral meningocele syndrome','Infantile myofibromatosis'"
HTR1B,
VCL,"'Dilated cardiomyopathy','Ventricular fibrillation, paroxysmal familial, 1','Cardiomyopathy, familial hypertrophic'"
PDE4D,"'Acrodysostosis','Stroke, susceptibility to, 1'"
TXNRD1,
SMAD2,
SMAD3,'Loeys-dietz syndrome'
GGH,
MSH2,"'Muir-torre syndrome','Mismatch repair cancer syndrome','Colorectal cancer, hereditary nonpolyposis'"
SURF1,"'Charcot-marie-tooth disease','Leigh syndrome','Myasthenic syndrome, congenital'"
TOPORS,'Retinitis pigmentosa'
RPS6KB1,
PRKAR2B,
GDF15,
RBM38,
MSTN,'Muscle hypertrophy'
SIGLEC12,
G6PD,"'Malaria, susceptibility to','Favism, susceptibility to','Anemia, nonspherocytic hemolytic, due to g6pd deficiency'"
MTBP,
GMFB,
PER2,'Advanced sleep phase syndrome'
SOD3,
CDKN2B-AS1,
TELO2,
FST,
MAPK10,
NOTCH1,"'Ehlers-danlos syndrome, hypermobility type','Heart, malformation of','Aortic valve disease','Marfan syndrome','Heart, malformation of','Adams-oliver syndrome'"
NOTCH2,"'Hajdu-cheney syndrome','Alagille syndrome'"
TH,"'Segawa syndrome, autosomal recessive'"
TIRAP,"'Mycobacterium tuberculosis, susceptibility to','Bacteremia, susceptibility to, 1','Malaria, susceptibility to','Invasive pneumococcal disease, recurrent isolated'"
HNF4A,"'Fanconi renotubular syndrome','Diabetes mellitus, noninsulin-dependent','Maturity-onset diabetes of the young, type 1'"
IL1RN,"'Microvascular complications of diabetes','Osteomyelitis, sterile multifocal, with periostitis and pustulosis','Gastric cancer, hereditary diffuse'"
MAP3K9,
TNKS2,
TEP1,
MIR3156-3,
AKR1C2,"'46,xy sex reversal'"
FAM13A,
BEND4,
EPHA6,
ZFYVE28,
ASIC2,
OLFM4,
CYP1B1,"'Glaucoma 3, primary congenital, a','Peters anomaly','Glaucoma, primary open angle','Glaucoma 1, open angle, a'"
XRCC1,
MRE11,
AOX1,
RAD23B,
PRDX3,
IDE,
EXO1,
GHSR,"'Growth hormone deficiency, isolated partial','Growth hormone insensitivity, partial'"
LONP1,'Codas syndrome'
PARK7,'Parkinson disease'
CYP19A1,"'Aromatase excess syndrome','Aromatase deficiency'"
KCNA5,"'Pulmonary hypertension, primary','Atrial fibrillation, familial'"
CSMD1,
IMPG1,"'Macular dystrophy, vitelliform'"
PKHD1,"'Polycystic kidney disease, autosomal recessive'"
SYDE2,
BRD1,
SLC39A11,
STK10,'Testicular germ cell tumor'
ZFP69B,
PGGT1B,
FSTL5,
NOTCH4,
CYP1B1-AS1,
LNPK,
FRK,
DRD2,'Dystonia'
SLC6A3,"'Parkinsonism-dystonia, infantile','Tobacco addiction, susceptibility to'"
TOMM40,
BTNL2,"'Sarcoidosis, susceptibility to, 2'"
TNFSF8,
C2,"'Complement component 2 deficiency','Macular degeneration, age-related'"
CFB,"'Complement factor b deficiency','Macular degeneration, age-related','Hemolytic uremic syndrome'"
VASH1,
AIF1,
LRP1B,
DZIP3,
RAD51B,
KIF13B,
KLRF1,
ELL2,
TOX,
SLC4A4,"'Renal tubular acidosis, proximal, with ocular abnormalities and mental retardation'"
WWOX,"'Esophageal cancer','Spinocerebellar ataxia, autosomal recessive 12','Epileptic encephalopathy, early infantile'"
BTBD9,
HPCAL1,
CLSTN2,
CDH4,
NLRC5,
PARVG,
RUNX3,
CARS1,
PPP2R2C,
TAFA5,
RAC2,'Neutrophil immunodeficiency syndrome'
CACNA1C,"'Ventricular fibrillation, paroxysmal familial, 1','Brugada syndrome','Long qt syndrome','Cardiac arrhythmia'"
TGFA,
SVEP1,
NCAM2,
IGFBP4,
IGFBP6,
GRIK2,"'Mental retardation, autosomal recessive'"
RGS7,
SOX6,
PFKM,'Glycogen storage disease vii'
LIMCH1,
MACF1,
PDE4DIP,
TXNIP,
PRPF3,'Retinitis pigmentosa'
SLC27A3,
PYHIN1,
GPR137B,
HADHA,"'Mitochondrial trifunctional protein deficiency','Long-chain 3-hydroxyacyl-coa dehydrogenase deficiency'"
EML4,
NRXN1,"'Pitt-hopkins-like syndrome 2','Chromosome 2p16.3 deletion syndrome'"
SPTBN1,
AHSA2P,
KLF7,
IL17RC,'Familial candidiasis'
ATP2B2,"'Deafness, autosomal recessive'"
NR2C2,
RAB5A,
GOLGA4,
SCN10A,'Familial episodic pain syndrome'
FLNB,"'Atelosteogenesis','Boomerang dysplasia','Larsen syndrome','Spondylocarpotarsal synostosis syndrome'"
MBD4,
NCK1,
SKIL,
ZNF141,"'Polydactyly, postaxial, type a6'"
DHX15,
TLR1,"'Leprosy, susceptibility to, 5'"
CXCL2,
HERC6,
MTTP,"'Abetalipoproteinemia','Abdominal obesity-metabolic syndrome','Spastic ataxia'"
ERAP2,
PAM,
ATG12,
PPIC,
ARAP3,
NUP153,
TRIM38,
HLA-DRB5,
HSP90AB1,
LPA,
AGFG2,
RELN,"'Epilepsy, familial temporal lobe','Lissencephaly'"
COG5,"'Congenital disorders of glycosylation, type ii'"
MRPS28,
CPNE3,
INVS,'Nephronophthisis'
POMT1,"'Muscular dystrophy, limb-girdle, autosomal recessive','Muscular dystrophy-dystroglycanopathy, type b','Muscular dystrophy-dystroglycanopathy, type a'"
GDI2,
SUPV3L1,
GRK5,
RRM1,
TAF6L,
STX5,
PITPNM1,
ZBTB44,
ETV6,"'Leukemia, acute myeloid','Thrombocytopenia 5'"
GCN1,
EP400,
SACS,'Spastic ataxia'
GPC5,
ZBTB25,
ACTN1,"'Bleeding disorder, platelet-type'"
SLC12A6,'Agenesis of the corpus callosum with peripheral neuropathy'
FURIN,
CHTF18,
TBL3,
SRRM2,
ZNF267,
AARS1,
ZFHX3,'Prostate cancer'
TAX1BP3,
USP6,
RABEP1,
PCGF2,
ABCA8,
ABCA5,"'Hypertrichosis, congenital generalized, with or without gingival hyperplasia'"
FDXR,
YES1,
MC2R,'Glucocorticoid deficiency'
WDR87,
FCGBP,
CYP2A6,"'Coumarin resistance','Lung cancer','Tobacco addiction, susceptibility to'"
ZNF226,
ZNF415,
NOP56,'Spinocerebellar ataxia'
PHF20,
SON,
RRP1B,
SUMO3,
PRR5,
IGBP1,"'Mental retardation, x-linked syndromic'"
ATP1B4,
ARHGEF6,"'Mental retardation, nonsyndromic, x-linked'"
RBMX,"'Mental retardation, x-linked syndromic'"
SH2B3,"'Myelofibrosis','Thrombocythemia','Erythrocytosis, familial'"
ABO,"'Blood group, abo system'"
HYKK,
CELSR2,
CHRNA5,'Smoking as a quantitative trait locus 3'
ATXN2,"'Parkinson disease','Amyotrophic lateral sclerosis','Spinocerebellar ataxia'"
PROX2,
CHRNA3,'Smoking as a quantitative trait locus 3'
ZW10,
EXOC3L2,
CHRNA4,"'Epilepsy, nocturnal frontal lobe','Tobacco addiction, susceptibility to'"
USP42,
TMTC2,
MAGI3,
KCNK3,"'Pulmonary hypertension, primary'"
HLA-DQA1,'Celiac disease'
TMEM18,
POM121C,
ZC3HC1,
BCL3,
RNASE1,
CCN5,
SPON1,
DSC2,'Arrhythmogenic right ventricular dysplasia'
HLA-DPB1,
TNFSF14,
HERC4,
ECE1,"'Hirschsprung disease, cardiac defects, and autonomic dysfunction','Hypertension, essential'"
CD27,'Lymphoproliferative syndrome'
ARFIP1,
SLAMF7,
SLPI,
MRC1,
NELL2,
VEGFD,
TLR4,"'Macular degeneration, age-related','Colorectal cancer'"
DSC1,
ITPKA,
SERPINA4,
PITPNB,
SRSF6,
CD55,"'Blood group, cromer system'"
BAMBI,
DDX23,
ASCC1,"'Spinal muscular atrophy with congenital bone fractures','Barrett esophagus'"
ARHGEF7,
DUSP6,'Hypogonadotropic hypogonadism with or without anosmia'
TNFRSF21,
IL18,
CD59,"'Hemolytic anemia, cd59-mediated, with or without immune-mediated polyneuropathy'"
DUT,
HLA-DMA,
NAPB,
YWHAB,
ST6GALNAC2,
HNRNPM,
IFI16,
SPHK2,
C1S,'Complement component c1s deficiency'
TBCA,
APBB3,
FCMR,
AGT,"'Preeclampsia/eclampsia','Hypertension, essential','Renal tubular dysgenesis'"
CRIM1,
B4GALT1,"'Congenital disorders of glycosylation, type ii'"
AK2,'Reticular dysgenesis'
MGAT4A,
H1-10,
NECTIN3,
GHRL,'Obesity'
RPN1,
CBS,'Homocystinuria due to cystathionine beta-synthase deficiency'
ITM2B,"'Cerebral amyloid angiopathy, itm2b-related, 1','Cerebral amyloid angiopathy, itm2b-related, 2','Retinal dystrophy with inner retinal dysfunction and ganglion cell abnormalities'"
HNRNPK,'Au-kline syndrome'
EGLN1,"'Hemoglobin, high altitude adaptation','Erythrocytosis, familial'"
PRKCB,
MAP3K7,
MCTS1,
MAPK1,
NUDT8,
HNRNPR,
FLNA,"'Frontometaphyseal dysplasia','Melnick-needles syndrome','Periventricular nodular heterotopia 1','Intestinal pseudoobstruction, neuronal, chronic idiopathic, x-linked','Otopalatodigital syndrome, type i','Terminal osseous dysplasia','Cardiac valvular dysplasia, x-linked','Otopalatodigital syndrome, type ii','Fg syndrome 2'"
NUP98,
CA4,'Retinitis pigmentosa'
SH2D1A,'Lymphoproliferative syndrome'
TMEM185A,
B3GLCT,'Peters-plus syndrome'
NPM1,"'Leukemia, acute myeloid'"
SMC3,'Cornelia de lange syndrome'
MTX2,
RBM23,
C1QBP,
PHF3,
PLSCR3,
HNRNPA1,"'Inclusion body myopathy/paget disease/frontotemporal dementia','Amyotrophic lateral sclerosis'"
CTBS,
CXCL10,
UGP2,
RRBP1,
NSG1,
PKM,
GAD1,'Spastic quadriplegic cerebral palsy'
S100A12,
SATB1,
APOD,
C1QL1,
PAPSS1,
SELL,
GFRA2,
YWHAE,
NT5C2,'Spastic paraplegia'
DUSP4,
HNRNPAB,
ATP5PF,
NBR1,
NR4A1,
DEFA1,
CD44,"'Blood group, indian system','Nephrolithiasis, calcium oxalate'"
CLEC2B,
VAMP3,
CD5,
KAZALD1,
FLT3LG,
MDH2,
OLFM1,
DEAF1,"'Mental retardation, autosomal dominant'"
ENPP5,
APBB1,
RNGTT,
S100A4,
DCK,
PTPN6,
APOBEC3G,
FCGR3B,
CBX5,
SCN4B,"'Sudden infant death syndrome','Atrial fibrillation, familial','Long qt syndrome','Cardiac arrhythmia'"
ARHGAP45,
DERL1,
HIBCH,'3-hydroxyisobutyryl-coa hydrolase deficiency'
TWF1,
DLD,'Maple syrup urine disease'
BACH2,
FKBP14,"'Ehlers-danlos syndrome with progressive kyphoscoliosis, myopathy, and hearing loss'"
MTIF3,
UTS2,
TNFAIP8,
CUL4B,"'Mental retardation, x-linked syndromic'"
TGFBR2,"'Esophageal cancer','Loeys-dietz syndrome','Colorectal cancer, hereditary nonpolyposis','Aortic aneurysm, familial thoracic'"
BIN1,"'Myopathy, centronuclear'"
RAB18,'Warburg micro syndrome'
DNAJA2,
USP25,
NDUFB8,
DIDO1,
IL16,
RPS6KA5,
KLC1,
DPEP2,
NISCH,
PRKCQ,
CEP57,'Mosaic variegated aneuploidy syndrome'
HGS,
CLIC1,
TNFRSF10B,"'Squamous cell carcinoma, head and neck'"
TPI1,'Triosephosphate isomerase deficiency'
KRT1,"'Palmoplantar keratoderma, nonepidermolytic','Keratosis palmoplantaris striata iii','Ichthyosis hystrix, curth-macklin type','Ichthyosis, cyclic, with epidermolytic hyperkeratosis','Epidermolytic hyperkeratosis','Palmoplantar keratoderma, epidermolytic'"
ADAM10,"'Alzheimer disease 18','Reticulate pigment disorders'"
CYCS,'Thrombocytopenia 4'
PPIA,
CSNK2A2,
CLEC11A,
CD80,
QKI,
SNCA,"'Parkinson disease','Dementia, lewy body'"
NECTIN2,
MFAP3L,
PPFIA1,
CPT1B,
CD7,
PABPC4,
RAD23A,
HSP90B1,
SELPLG,
TXNDC11,
GLRX2,
PRKCI,
CX3CL1,
QSOX1,
SGTA,
FAXDC2,
NME1,"'Neuroblastoma, susceptibility to'"
SMAD4,"'Myhre syndrome','Juvenile polyposis/hereditary hemorrhagic telangiectasia syndrome','Pancreatic cancer','Juvenile polyposis syndrome'"
SBDS,"'Shwachman-diamond syndrome','Aplastic anemia'"
PNKP,"'Ataxia-oculomotor apraxia 4','Epileptic encephalopathy, early infantile'"
POLI,
PRKCG,'Spinocerebellar ataxia'
GRK2,
MICB,
MAD1L1,'Prostate cancer'
DPYSL3,
PIK3C2A,
EIF5A,
PPP2R1A,"'Mental retardation, autosomal dominant'"
AASS,"'Saccharopinuria','Hyperlysinemia, type i'"
ABCA9,
ABCD3,"'Bile acid synthesis defect, congenital'"
ABCG1,
ABCG2,"'Blood group, junior system','Uric acid concentration, serum, quantitative trait locus 1'"
ABHD1,
ABLIM1,
ABLIM2,
ACAA2,
ACADVL,"'Acyl-coa dehydrogenase, very long-chain, deficiency of'"
ACF,
ACKR2,
SDHAF3,
ACOT9,
ACP1,
ACP2,'Acid phosphatase deficiency'
ACRV1,
ACSBG1,
ACSL5,
ACTA1,"'Nemaline myopathy','Myopathy, congenital, with fiber-type disproportion','Myopathy, scapulohumeroperoneal'"
ACTN4,'Focal segmental glomerulosclerosis'
ACY3,
TMEM167B,
ADAM8,
ADCY3,
ADH1B,'Alcohol dependence'
ADIRF,
ADPRS,
AGO2,
AGPAT1,
ETNPPL,
AHCYL1,
AHNAK,'Hirschsprung disease'
AHR,
AIP,"'Pituitary adenoma, acth-secreting','Pituitary adenoma, growth hormone-secreting, 1','Pituitary adenoma, prolactin-secreting'"
AKAP8,
AKTIP,
ALDH1B1,
ALDH6A1,'Methylmalonate semialdehyde dehydrogenase deficiency'
ALDH9A1,
ALKBH7,
ALOX5AP,"'Stroke, ischemic'"
STRADB,
ANAPC5,
ANK3,"'Mental retardation, autosomal recessive'"
ANKRD13C,
NUSAP1,
ANXA3,
ANXA4,
KDM1A,"'Cleft palate, psychomotor retardation, and distinctive facial features'"
AP3S1,
AP4S1,'Spastic paraplegia'
TXNDC9,
API5,
APOBEC3A,
APPBP2,
ARF3,
ARFGEF1,
ARHGEF3,
ARIH1,
ARPP19,
ASB12,
ASCL1,"'Central hypoventilation syndrome, congenital'"
ASF1A,
ASMTL,
ASXL1,"'Myelodysplastic syndrome','Bohring-opitz syndrome'"
ATG4B,
ATP5F1C,
ATP5F1A,
ATP5MC1,
ATP5PD,
ATP5ME,
ATP6V0B,
ATP6V1A,
ATP6V1G2,
ATP6V1H,
ATP7A,"'Spinal muscular atrophy, distal, x-linked 3','Menkes disease','Occipital horn syndrome'"
ATRX,"'Alpha-thalassemia/mental retardation syndrome, x-linked','Mental retardation-hypotonic facies syndrome, x-linked, 1','Alpha-thalassemia myelodysplasia syndrome'"
B3GALNT1,"'Blood group, globoside system','Blood group, p1pk system'"
B4GAT1,"'Muscular dystrophy-dystroglycanopathy, type a'"
B3GNT2,
BBOX1,
BCL11A,'Fetal hemoglobin quantitative trait locus 5'
BCL11B,
TRIM58,
BLMH,'Alzheimer disease'
BMP5,
BNIP3,
BNIP3L,
BOP1,
BRAF,"'Noonan syndrome','Lung cancer','Cardiofaciocutaneous syndrome','Thyroid cancer, nonmedullary','Leopard syndrome','Melanoma, cutaneous malignant','Lymphoma, non-hodgkin, familial','Colorectal cancer'"
BRAP,
BRD2,
BRF2,
BTNL3,
C1QC,'C1q deficiency'
C3AR1,'Hemolytic uremic syndrome'
C4A,"'Complement component 4a deficiency','Blood group, chido/rodgers system'"
C5,"'Eculizumab, poor response to','Complement component 5 deficiency'"
C5AR1,
CA14,
CA2,"'Osteopetrosis, autosomal recessive'"
CACNB1,
CACNB2,"'Brugada syndrome','Cardiac arrhythmia'"
CACNG4,
CALB1,
CALB2,
CALM1,"'Ventricular tachycardia, catecholaminergic polymorphic','Long qt syndrome'"
CAMK4,
CAMKK2,
CAP2,
CAPN7,
CAPZA2,
CASP10,"'Gastric cancer','Autoimmune lymphoproliferative syndrome, type iia','Lymphoma, non-hodgkin, familial'"
CAV2,
CBLB,
CCKBR,
CCL5,
CCNG2,
CCNL2,
CCR1,
CCR7,
TNFRSF4,'Immunodeficiency 16'
CD14,
CD244,'Rheumatoid arthritis'
CD3G,'Immunodeficiency 17'
CD46,'Hemolytic uremic syndrome'
CD47,
CD58,
CD96,'C syndrome'
ADGRE5,
CDC26,
CDK13,
CDC40,
CDC5L,
CDH13,
CDH22,
CDHR2,
CDK11A,
CDK2,
CDK5R1,
CDO1,
CDV3,
CEACAM4,
CELF1,
CELF2,
CENPO,
ADAP1,
CFDP1,
CFH,"'Complement factor h deficiency','Macular degeneration, age-related','Hemolytic uremic syndrome','Basal laminar drusen'"
CFHR1,"'Macular degeneration, age-related','Hemolytic uremic syndrome'"
TMBIM4,
DPH5,
TPPP3,
SAMM50,
CHCHD3,
CHPT1,
CHRNA1,"'Multiple pterygium syndrome, lethal type','Hydrops fetalis, nonimmune','Myasthenic syndrome, congenital'"
CHST2,
CITED2,"'Atrial septal defect','Ventricular septal defect'"
CKLF,
CMTM7,
CLDN5,
CLIC2,"'Mental retardation, x-linked syndromic'"
CLIP1,
CLK1,
CLN8,'Ceroid lipofuscinoses'
CLSTN1,
CLTB,
CNIH4,
CNOT8,
CNTN1,"'Myopathy, congenital, compton-north'"
COBLL1,
COMT,"'Schizophrenia','Panic disorder 1'"
COPA,"'Autoimmune interstitial lung, joint, and kidney disease'"
COPS6,
COQ3,
COX10,"'Leigh syndrome','Mitochondrial complex iv deficiency','Myasthenic syndrome, congenital'"
COX11,
COX7A2P2,
CPSF1,
CPSF2,
CR2,"'Systemic lupus erythematosus, susceptibility to, 9','Immunodeficiency, common variable'"
CREBL2,
CREBZF,
CRH,
CRKL,
DPYSL5,
CS,
CSNK1A1,
CSPP1,'Joubert syndrome'
CSRP1,
PET117,
CSTF3,
CTBP1,
CTSA,'Galactosialidosis'
CX3CR1,"'Macular degeneration, age-related','Coronary heart disease, susceptibility to, 1','Human immunodeficiency virus type 1, susceptibility to'"
CXCL1,
CXCL5,
CXCR3,
ACKR3,
CYP4X1,
CMC2,
DCLRE1C,"'Severe combined immunodeficiency with sensitivity to ionizing radiation','Omenn syndrome'"
PCBD2,
DDT,
DDX12P,
DDX17,
DDX42,
DDX55,
DECR1,
DEDD,
DEXI,
DFFB,
DGCR8,
DGKA,
DHRS3,
DIMT1,
DIS3,
DLEU1,
CENATAC,
DMRT2,
DNAJC7,
DNASE1L1,
DPF2,
DPYD,"'Dihydropyrimidine dehydrogenase deficiency','Hirschsprung disease'"
DTNBP1,"'Hermansky-pudlak syndrome','Schizophrenia'"
DUSP13,
DUSP19,
DUSP2,
DUSP5,
DYNC1H1,"'Mental retardation, autosomal dominant','Spinal muscular atrophy, lower extremity-predominant','Charcot-marie-tooth disease'"
DYRK4,
E2F4,
FAM162A,
EBNA1BP2,
ECHDC2,
ECPAS,
ECSIT,
EDAR,"'Ectodermal dysplasia (select examples)','Hair morphology 1'"
EDEM3,
EFCAB7,
EFTUD2,"'Mandibulofacial dysostosis, guion-almeida type'"
EGR2,'Charcot-marie-tooth disease'
EGR3,
EHD3,
EHMT1,"'Mental retardation, autosomal dominant'"
AGO4,
EIF4B,
EIF4H,
ELF2,
ELMO3,
ADGRE1,
ENSA,
EPB41,'Elliptocytosis 1'
EPB41L2,
EPB41L3,
EPM2A,"'Epilepsy, progressive myoclonic'"
ERP27,
ETF1,
ETFDH,'Multiple acyl-coa dehydrogenase deficiency'
ETNK1,
EXOC5,
EXOC7,
EYA1,"'Otofaciocervical syndrome','Branchiootorenal syndrome 1','Branchiootic syndrome 1'"
F13A1,"'Factor xiii, a subunit, deficiency of','Myocardial infarction, susceptibility to','Thrombophilia'"
FAAH,"'Polysubstance abuse, susceptibility to'"
FABP3,
FANCC,'Fanconi anemia'
FASTK,
FBXO22,
FBXW11,
FCER1A,
FCER1G,
FCGR1A,
FCGR2A,"'Systemic lupus erythematosus','Malaria, susceptibility to','Cystic fibrosis'"
FCGRT,
FERMT2,
FEZ1,
FGF1,
FGF12,
FGF13,
FGFR2,"'Scaphocephaly, maxillary retrusion, and mental retardation','Pfeiffer syndrome','Crouzon syndrome','Apert syndrome','Lacrimoauriculodentodigital syndrome','Beare-stevenson cutis gyrata syndrome','Jackson-weiss syndrome','Antley-bixler syndrome without genital anomalies or disordered steroidogenesis','Gastric cancer','Bent bone dysplasia syndrome','Saethre-chotzen syndrome'"
FH,"'Hereditary leiomyomatosis and renal cell cancer','Fumarase deficiency'"
FHOD1,
FKBP1A,
FLI1,
FLOT1,
FLOT2,
FLRT3,'Hypogonadotropic hypogonadism with or without anosmia'
FLVCR2,'Proliferative vasculopathy and hydranencephaly-hydrocephaly syndrome'
FNTA,
FOSL2,
FOXC1,"'Iridogoniodysgenesis, type 1','Iris hypoplasia with glaucoma','Axenfeld-rieger syndrome, type 3','Peters anomaly'"
FOXG1,"'Rett syndrome, congenital variant'"
FOXJ3,
FRMPD4,
FRY,
FTL,"'L-ferritin deficiency','Hyperferritinemia with or without cataract','Neurodegeneration with brain iron accumulation'"
FUBP3,
FUS,"'Tremor, hereditary essential','Amyotrophic lateral sclerosis'"
FUT6,'Fucosyltransferase 6 deficiency'
FXR1,
FXYD5,
FYN,
FZR1,
G3BP1,
GABPA,
GABRB3,"'Epilepsy, childhood absence, susceptibility to, 5'"
GABRD,"'Epilepsy, generalized, with febrile seizures plus'"
GAL3ST4,
GALK2,
GALNT7,
GAPVD1,
GATM,'Cerebral creatine deficiency syndrome'
GDA,
GET4,
GFAP,'Alexander disease'
GFPT1,"'Myasthenic syndrome, congenital'"
GGA2,
GGA3,
GGT1,
GIPC1,
GIT2,
GJA1,"'Hypoplastic left heart syndrome','Erythrokeratodermia variabilis et progressiva','Atrioventricular septal defect','Craniometaphyseal dysplasia, autosomal recessive','Oculodentodigital dysplasia, autosomal recessive','Palmoplantar keratoderma and congenital alopecia 1','Syndactyly, type iii','Oculodentodigital dysplasia'"
GLG1,
GLRX3,
GNA11,"'Hypocalcemia','Hypocalciuric hypercalcemia'"
GNA12,
GNAQ,"'Sturge-weber syndrome','Capillary malformations, congenital'"
GNG12,
GOLGB1,
GORASP2,
GOSR2,"'Epilepsy, progressive myoclonic'"
GP5,
CMKLR2,
LGR5,
GRAP2,
GRIA1,
GRIN2A,"'Epilepsy, focal, with speech disorder and with or without mental retardation'"
GSPT1,
GUSBP1,
GYG1,"'Glycogen storage disease xv','Polyglucosan body myopathy'"
HABP4,
LAMTOR5,
FUNDC2,
HCRTR2,
HDAC4,
HDAC5,
HEBP2,
HEPH,
HERC1,
HGH1,
HIBADH,
HILPDA,
HIPK3,
H2AC6,
H4C3,
HLA-B,"'Severe cutaneous adverse reaction, susceptibility to','Spondyloarthropathy, susceptibility to'"
HLA-C,"'Human immunodeficiency virus type 1, susceptibility to','Psoriasis'"
HLA-F,
HMBS,"'Porphyria, acute intermittent'"
HMGN2,
HMGXB4,
HMOX2,
HNRNPC,
HNRNPH2,
HNRNPH3,
HNRNPL,
HNRNPU,
HOPX,
HOXB2,
HPN,
HPRT1,"'Lesch-nyhan syndrome','Kelley-seegmiller syndrome'"
AGFG1,
TRIOBP,"'Deafness, autosomal recessive'"
HSD17B6,
HSF2,
OTUD4,
MPHOSPH8,
HSPA13,
WDR91,
ZC3H7A,
TRMT112,
TIMM21,
HYI,
HTATSF1,
HTR2A,"'Obsessive-compulsive disorder','Anorexia nervosa, susceptibility to, 1','Schizophrenia','Major depressive disorder','Alcohol dependence'"
HYPK,
CILK1,
ID2,
IDH3A,
IDS,'Mucopolysaccharidoses'
IKZF1,"'Immunodeficiency, common variable'"
ILF2,
ING1,"'Squamous cell carcinoma, head and neck'"
ING2,
INPP1,
INPP4A,
INPP4B,
INPP5K,
IRF7,'Immunodeficiency 39'
ITCH,"'Autoimmune disease, multisystem, with facial dysmorphism'"
ITGB1BP2,
ITK,'Lymphoproliferative syndrome'
ITPKB,
ITPRID2,
KDM5B,
KDM3B,
KATNB1,'Lissencephaly'
KBTBD6,
KCNJ16,
KCNJ9,
KCNK17,
KCNK4,
KDM2A,
KDM7A,
KDSR,
KHDRBS1,
KIAA1143,
KIAA1217,
KIF2A,"'Cortical dysplasia, complex, with other brain malformations'"
KIF2C,
KIF3B,
KIF5B,
KLF3,
KLF5,
KLF9,
KLRD1,
KPNA4,
KPNA5,
KRT10,"'Epidermolytic hyperkeratosis','Erythroderma, ichthyosiform, congenital reticular','Ichthyosis, cyclic, with epidermolytic hyperkeratosis'"
KTN1,
PEDS1,
LACTB,
LAMP2,'Danon disease'
CERS6,
LBH,
LCK,'Immunodeficiency 22'
LGI1,"'Epilepsy, familial temporal lobe'"
LGTN,
LIMK2,
LIPT1,'Lipoyltransferase 1 deficiency'
LITAF,'Charcot-marie-tooth disease'
LMAN1,"'Factor v and factor viii, combined deficiency of, 1'"
LNPEP,
LOXL4,
ADGRL1,
IRAG2,
LRP8,"'Myocardial infarction, susceptibility to'"
LSM10,
LSM4,
LTBP2,"'Exfoliation syndrome','Glaucoma 3, primary congenital, d','Weill-marchesani syndrome','Marfan syndrome','Microspherophakia and/or megalocornea, with ectopia lentis and with or without secondary glaucoma','Glaucoma, primary open angle','Ectopia lentis 1, isolated, autosomal dominant'"
ZCRB1,
MAFG,
MAGED1,
MAL,
MAN1A2,
MAN2A1,
MAOA,'Brunner syndrome'
MAP3K2,
MAP3K7CL,
MAP3K8,'Lung cancer'
MAP4K1,
MAP4K3,
MAPK8IP3,
MATR3,'Amyotrophic lateral sclerosis'
MBP,
MCM4,'Natural killer cell and glucocorticoid deficiency with dna repair defect'
MCM7,
MDC1,
MED16,
MED21,
MED28,
MEGF8,'Carpenter syndrome'
METTL1,
MFHAS1,
MICA,
MID2,"'Mental retardation, nonsyndromic, x-linked'"
ALPK3,
MIER2,
HINFP,
MKRN1,
MLC1,"'Leukoencephalopathy, megalencephalic'"
MLF1,"'Leukemia, acute myeloid'"
CENPU,
MLH3,"'Colorectal cancer','Colorectal cancer, hereditary nonpolyposis','Endometrial cancer'"
MLXIP,
HERC2P2,
MORF4L2,
MRPL12,
MRPL13,
MRPL28,
MRPL34,
MRPL40,
MRPL41,
MRPL42,
MRPL48,
MRPL49,
MRPS16,'Combined oxidative phosphorylation deficiency'
MRPS18B,
MRPS24,
MSH6,"'Mismatch repair cancer syndrome','Endometrial cancer','Colorectal cancer, hereditary nonpolyposis'"
MSRB2,
MT1G,
MT1L,
MT1X,
MT2A,
MTA2,
MTIF2,
MTMR4,
MTO1,'Combined oxidative phosphorylation deficiency'
MYBL1,
MYD88,"'Myd88 deficiency','Macroglobulinemia, waldenstrom, susceptibility to, 1'"
MYH8,"'Arthrogryposis, distal, type 7','Carney complex variant'"
MYL10,
MYL12A,
MYO6,"'Deafness, autosomal recessive','Deafness, autosomal dominant'"
NAA38,
NAP1L2,
NAPA,
NAPG,
NCBP2AS2,
NCF4,"'Granulomatous disease, chronic'"
NCOA3,
NDFIP1,
NDUFB10,
NDUFB3,'Mitochondrial complex i deficiency'
NDUFS3,"'Mitochondrial complex i deficiency','Leigh syndrome'"
NDUFS4,"'Mitochondrial complex i deficiency','Leigh syndrome'"
NEBL,
NEDD4,
SEPTIN2,
NEK11,
NEK7,
NEU1,"'Neuraminidase deficiency','Hydrops fetalis, nonimmune'"
NFX1,
NFYA,
NFYC,
PSME3IP1,
NIPSNAP3B,
C17orf75,
NLRP1,"'Corneal intraepithelial dyskeratosis and ectodermal dysplasia','Vitiligo-associated multiple autoimmune disease susceptibility 1'"
NME3,
NNMT,
NR1D2,
NR4A2,'Parkinson disease'
NRCAM,
NRM,
NSF,
NUDT21,
NUDT6,
NUP188,
NUP43,
NUP50,
NUP58,
NUP62,"'Striatonigral degeneration, infantile'"
NUP88,
NUTF2,
NXT2,
OAS2,
GATAD1,'Dilated cardiomyopathy'
OFD1,"'Joubert syndrome','Orofaciodigital syndrome i','Simpson-golabi-behmel syndrome, type 2','Retinitis pigmentosa'"
OGFOD2,
OGG1,"'Renal cell carcinoma, nonpapillary'"
OGT,
EXOSC8,"'Pontocerebellar hypoplasia, type 1c'"
OLIG2,
OR10C1,
ORC5,
OSBPL8,
OSBPL9,
OXA1L,
P2RX5,
P2RY14,
LPAR6,'Hypotrichosis'
PACS1,"'Mental retardation, autosomal dominant'"
PAFAH1B1,'Lissencephaly'
PAFAH1B3,
PAIP1,
PAK1IP1,
PALLD,"'Pancreatic cancer, susceptibility to, 1'"
PANX1,
PANX2,
PAPOLA,
PARD6A,
ARHGAP29,
PATZ1,
PBXIP1,
PCBD1,"'Hyperphenylalaninemia, bh4-deficient, d'"
PCCA,'Propionic acidemia'
PCDH17,
PCTP,
PDCD4,
PDE3B,
PDK3,'Charcot-marie-tooth disease'
PDS5A,
PECAM1,
PECR,
PEX1,'Peroxisome biogenesis disorder'
PEX16,'Peroxisome biogenesis disorder'
PFDN4,
PHLPP1,
PHTF2,
PICALM,"'Leukemia, acute myeloid'"
PIERCE1,
PIGK,
PIGP,
PIP4K2B,
PITPNA,
PLA2G4B,
PLAG1,"'Salivary gland adenoma, pleomorphic'"
PLCL1,
PLD3,
PLEK,
PLP1,"'Leukodystrophy, hypomyelinating','Spastic paraplegia'"
PLPP1,
PLXNB1,
PLXNC1,
PMAIP1,
EXOSC10,
PNPLA6,"'Oliver-mcfarlane syndrome','Boucher-neuhauser syndrome','Laurence-moon syndrome','Spastic paraplegia'"
POLE4,
POLR2J2,
POLRMT,
PON2,
POP5,
PPIF,
PPM1B,
PPM1E,
PPP1R13B,
PPP1R2,
PPP2R5C,
PRDX6,
PRIM1,
PRKCH,"'Stroke, ischemic'"
PRKCZ,
PRL,
PRMT2,
NDUFAF7,
PRPF31,'Retinitis pigmentosa'
PRPF40A,
PRPS1,"'Charcot-marie-tooth disease','Deafness, x-linked','Phosphoribosylpyrophosphate synthetase superactivity','Mental retardation, x-linked syndromic'"
PSMB4,
PSMC6,
PTBP1,
PTGDR,"'Asthma-related traits, susceptibility to, 1'"
PTP4A2,
SIRPA,
PTPRE,
PTPRJ,'Colorectal cancer'
PTPRM,
PTTG1,
PUM2,
PXN,
QPCT,
QRSL1,
RAB10,
RAB13,
RAB21,
RAB2A,
RAB33A,
RAB33B,'Smith-mccort dysplasia'
RAB3A,
RAB40C,
RAB4A,
RAB6A,
RABEP2,
RABGGTA,
RABGGTB,
RAD21,'Cornelia de lange syndrome'
RAD54B,"'Lymphoma, non-hodgkin, familial','Colorectal cancer'"
RFTN1,
RALY,
RAMP1,
RAN,
RANBP9,
RAP1GAP,
RAPGEF4,
RASA3,
RASIP1,
RASSF2,
RBBP4,
RBFOX1,
RBM18,
RBM22,
RBM5,
RBM7,
RBM8A,'Thrombocytopenia-absent radius syndrome'
RCAN3,
DNPH1,
SKIC8,
REL,
RFX1,
RFX7,
RGS4,
RHOB,
RHOBTB3,
RHOH,
RHOT1,
RIN1,
RIN2,'Macs syndrome'
RNF123,
RNF144A,
RNF5,
RNF6,'Esophageal cancer'
PTBP3,
RPA3,
RPL10,"'Autism, susceptiblity to'"
RPL17,
RPL28,
RPP25L,
RPS26,"'Diamond-blackfan anemia','Diamond-blackfan anemia 15 with mandibulofacial dysostosis'"
RPS3A,
RRAGD,
EXOSC2,
RTTN,"'Microcephaly, short stature, and polymicrogyria with or without seizures'"
RWDD1,
RXRG,
SNRNP27,
S1PR1,
SAFB,
SALL2,"'Coloboma, ocular, autosomal recessive'"
SCAF11,
SCAF8,
SCAMP1,
SCAND1,
SKAP2,
SCD,
SCML1,
SCN2B,"'Atrial fibrillation, familial'"
SCP2,'Leukoencephalopathy with dystonia and motor neuropathy'
SEC23A,'Craniolenticulosutural dysplasia'
SEC61A1,
SEC63,'Polycystic liver disease'
SELENOP,
SELENOM,
SENP7,
SEPTIN10,
SEPTIN4,
SEPTIN6,
SERBP1,
SF3A1,
SRSF11,
SFXN4,'Combined oxidative phosphorylation deficiency'
SIT1,
SLBP,
SLC12A2,
SLC15A4,
SLC16A3,
SLC26A6,
SLC38A1,
SLC7A5,
SLC7A6,
SLU7,
SLX1B,
SMARCA4,"'Mental retardation, autosomal dominant','Coffin-siris syndrome','Rhabdoid tumor predisposition syndrome'"
SMARCA5,
SMARCE1,"'Mental retardation, autosomal dominant','Coffin-siris syndrome','Meningioma, familial, susceptibility to'"
SMC4,
SMC5,
SMCHD1,'Facioscapulohumeral muscular dystrophy 2'
SMNDC1,
SUMO2,
SNAP23,
SNAPC1,
SNRPN,'Prader-willi syndrome'
SNW1,
CAPN15,
SOS2,'Noonan syndrome'
SOX15,
SOX4,
SP100,
SPRY2,'Iga nephropathy'
SREK1,
SRI,
SRP54,
SRP68,
SRP72,'Bone marrow failure syndrome 1'
SRSF1,
SRSF10,
SSNA1,
ST13,
ST8SIA1,
STAG1,
STK17A,
STK38,
STK4,"'T-cell immunodeficiency, recurrent infections, and autoimmunity with or without cardiac malformations'"
STX6,
STX7,
STYX,
SUCLG1,'Mitochondrial dna depletion syndrome'
SYAP1,
SYN2,'Schizophrenia'
TAF5,
TAF9,
TARS1,
TBC1D8B,
TBC1D9B,
TBK1,'Amyotrophic lateral sclerosis'
TBXA2R,"'Bleeding disorder, platelet-type'"
TCAF1,
TCEAL1,
TCERG1,
TCIRG1,"'Osteopetrosis, autosomal recessive'"
TMBIM6,
TESK1,
TGIF1,'Holoprosencephaly'
TGOLN2,
MYO18A,
TICAM1,"'Encephalopathy, acute, infection-induced'"
TIMELESS,
TIMM8A,'Mohr-tranebjaerg syndrome'
TLN1,
TLR10,
TLR2,"'Mycobacterium tuberculosis, susceptibility to','Colorectal cancer','Leprosy, susceptibility to, 3'"
TLR3,"'Encephalopathy, acute, infection-induced','Human immunodeficiency virus type 1, susceptibility to'"
TLR5,"'Legionnaire disease, susceptibility to','Melioidosis, susceptibility to','Systemic lupus erythematosus, susceptibility to, 1'"
TLR7,
TLR8,
TM2D1,
TM4SF1,
TMEM47,
TMX1,
TOLLIP,
TP53I11,
TP53INP1,
TP53TG1,
TPBG,
PDSS1,"'Coenzyme q10 deficiency, primary'"
TPST2,
TRAF1,
TRAM2,
TRIM23,
TRIM33,
TRIM55,
TRIP12,
TSNAX,
TSPAN6,
TST,
TTC9,
TTF2,
TTLL12,
TUBB,"'Cortical dysplasia, complex, with other brain malformations','Skin creases, congenital symmetric circumferential'"
POLR1F,
TXK,
UBA2,
UBE2B,
UBE2D2,
UBE2D3,
UBE2M,
UBE2S,
UBL5,
UBP1,
UCHL3,
HAUS7,
UPF1,
UPF2,
UQCRC2,"'Mitochondrial complex iii deficiency, nuclear type 5'"
UQCRFS1,
UQCRH,
URM1,
USF2,
USO1,
USP1,
USP14,
USP3,
UXT,
VAT1,
VCAN,'Wagner vitreoretinopathy'
VEGFB,
VIM,'Cataract'
AVPI1,
VPS26A,
VRK2,
VRK3,
WDR33,
WDR4,
LINS1,"'Mental retardation, autosomal recessive'"
WIPF1,'Wiskott-aldrich syndrome 2'
WSB1,
XBP1,'Major affective disorder 7'
XPO7,
XRCC2,
ZBTB1,
ZBTB43,
ZBTB8A,
ZCCHC14,
ZCCHC3,
ZEB1,"'Corneal dystrophy, posterior polymorphous','Corneal dystrophy, fuchs endothelial'"
RNF103,
ZFP36L1,
ZFP36L2,
ZFP64,
ZMIZ1,
ZNF131,
ZNF136,
ZNF19,
ZNF22,
ZNF232,
ZNF264,
ZNF266,
ZNF273,
ZNF274,
ARFGAP2,
ZNF318,
ZNF32,
ZNF419,
ZNF423,"'Joubert syndrome','Nephronophthisis'"
ZNF430,
ZNF454,
ZNF532,
ZNF557,
ZNF571,
ZNF576,
ZNF577,
ZNF586,
ZNF592,'Galloway-mowat syndrome'
ZNF652,
ZNF785,
ZNF91,
ZSCAN18,
ZSCAN5A,
ZER1,
LOC105377992,
LOC105369165,
LOC105377989,
APOC1,
LOC107985852,
DRD4,"'Novelty seeking personality trait','Attention deficit-hyperactivity disorder'"
GSTZ1,
TTR,"'Hyperthyroxinemia, dystransthyretinemic','Carpal tunnel syndrome','Amyloidosis, hereditary, transthyretin-related'"
TAS2R16,'Alcohol dependence'
JAK1,
ACE,"'Hemorrhage, intracerebral, susceptibility to','Alzheimer disease','Myocardial infarction, susceptibility to','Renal tubular dysgenesis','Microvascular complications of diabetes'"
ADCY1,"'Deafness, autosomal recessive'"
TRAK2,
AMOT,
ANKRD20A9P,
ASB17,
BFSP1,'Cataract'
CAMK2B,
CEP89,
DHFRP3,
FN3KRP,
FPGT-TNNI3K,
FSHR,"'Ovarian hyperstimulation syndrome','Ovarian dysgenesis','Twinning, dizygotic'"
FTH1P5,
GART,
HLA-DQB1,"'Creutzfeldt-jakob disease','Multiple sclerosis, susceptibility to','Celiac disease'"
HLA-DRA,
HLA-DMB,
HLA-DOA,
HLA-DPA1,
HLA-DRB3,
HLA-DRB4,
HLA-DRB6,
HLA-E,
HLA-G,"'Asthma, susceptibility to'"
HNF4G,
HSPA14,
RIC8B,
HTR3B,
KALRN,"'Coronary heart disease, susceptibility to, 5'"
KCNT2,
KIR3DX1,
KRAS,"'Leukemia, acute myeloid','Pancreatic cancer','Lung cancer','Cardiofaciocutaneous syndrome','Noonan syndrome','Oculoectodermal syndrome','Breast cancer','Bladder cancer','Gastric cancer, hereditary diffuse','Schimmelpenning-feuerstein-mims syndrome','Nevus, epidermal','Gastric cancer','Ras-associated autoimmune leukoproliferative disorder','Juvenile myelomonocytic leukemia'"
LSM2,
LY6G6F,
MAPK4,
MSH5,
MT-ATP6,"'Striatonigral degeneration, infantile, mitochondrial','Leigh syndrome','Myopathy, lactic acidosis, and sideroblastic anemia 3','Leber optic atrophy','Neuropathy, ataxia, and retinitis pigmentosa'"
MT-CYB,"'Cardiomyopathy, infantile histiocytoid','Diarrhea, chronic, with villous atrophy','Leber optic atrophy','Myoglobinuria, recurrent'"
MT-ND4,"'Leber optic atrophy and dystonia','Leber optic atrophy','Mitochondrial myopathy, encephalopathy, lactic acidosis, and stroke-like episodes'"
MT-RNR2,'Chloramphenicol toxicity'
NKX2-2,
NKX3-1,
NOS1AP,'Cardiac arrhythmia'
GLYR1,
OTOL1,
PGM5,
PKN2,
PLCB1,"'Epileptic encephalopathy, early infantile'"
PLCB4,'Auriculocondylar syndrome'
PLCH1,
PRKAR2A,
PRKD3,
PSG7,
PSORS1C3,
RDH5,'Fundus albipunctatus'
RIPOR2,
SETD9,
SKIC2,
SPZ1,
NABP2,
TMEM131L,
TNNI3K,'Cardiac conduction disease with or without dilated cardiomyopathy'
TOMM20,
TUBA3C,
USP2-AS1,
VDAC1P1,
MORF4,
PGP,
PMF1,
RP1,'Retinitis pigmentosa'
SLC41A1,
CLTC-IT1,
GDF1,"'Right atrial isomerism','Tetralogy of fallot','Conotruncal heart malformations','Transposition of the great arteries, dextro-looped'"